id,i,name_tokens,ingredient_tokens,steps_tokens,techniques,calorie_level,ingredient_ids
424415,23,"[40480, 37229, 2911, 1019, 249, 6878, 6878, 2839, 1781, 40481]","[[2911, 1019, 249, 6878], [1353], [6953], [15341, 3261], [2056, 857, 643, 1631, 20480]]","[40480, 40482, 21662, 481, 6878, 500, 246, 1614, 1911, 10757, 240, 674, 9933, 8400, 40478, 40482, 1082, 589, 16126, 500, 481, 6878, 2839, 1781, 5024, 240, 488, 13770, 485, 23667, 40478, 40482, 1233, 481, 4165, 562, 481, 5186, 1454, 6878, 7213, 40478, 40482, 669, 481, 4165, 10230, 485, 256, 1178, 2107, 256, 240, 1233, 246, 17764, 562, 7648, 1571, 40478, 40482, 861, 7648, 1571, 240, 25690, 6878, 556, 481, 4438, 17080, 522, 246, 3602, 9082, 40478, 40482, 4103, 597, 240, 522, 1357, 504, 256, 1178, 2107, 256, 562, 609, 485, 282, 1808, 40478, 40481]","[0, 0, 0, 0, 0, 0, 0, 0, 0, 1, 0, 0, 0, 0, 0, 0, 1, 0, 0, 0, 0, 0, 0, 0, 0, 0, 0, 0, 0, 0, 0, 0, 0, 0, 0, 0, 0, 0, 0, 0, 0, 0, 0, 0, 0, 0, 0, 0, 0, 0, 0, 1, 0, 0, 0, 0, 0, 0]",0,"[389, 7655, 6270, 1527, 3406]"
146223,96900,"[40480, 18376, 7056, 246, 1531, 2032, 40481]","[[17918], [25916], [2507, 6444], [8467, 1179], [8780], [6812], [4370, 2653, 18376], [2654, 5581, 34904, 5940], [15341], [10848], [21447, 7869], [6953]]","[40480, 40482, 729, 2525, 10906, 485, 43, 8393, 40478, 40482, 23667, 17918, 240, 25916, 240, 2507, 6444, 488, 8467, 1179, 40478, 40482, 4846, 6737, 8780, 488, 7087, 862, 40478, 40482, 3336, 666, 481, 2695, 498, 15473, 6847, 40478, 40482, 19007, 7648, 1571, 40478, 40482, 1000, 19093, 544, 15473, 23667, 6812, 240, 18376, 240, 5940, 240, 21298, 488, 6953, 488, 29369, 1073, 3866, 40478, 40482, 8240, 715, 19093, 488, 19007, 6828, 260, 14635, 1571, 1073, 4858, 544, 1233, 488, 2898, 13908, 500, 2732, 2323, 551, 2698, 40478, 40482, 851, 2548, 491, 844, 7858, 40478, 40482, 1892, 666, 19118, 488, 1325, 15405, 556, 6198, 31757, 488, 36672, 21940, 240, 645, 10114, 40478, 40482, 8658, 746, 775, 22519, 40478, 40481]","[1, 0, 0, 0, 0, 0, 0, 0, 0, 1, 0, 0, 0, 0, 0, 0, 0, 0, 0, 0, 0, 0, 0, 0, 0, 0, 0, 0, 1, 0, 0, 0, 0, 1, 0, 0, 1, 0, 0, 0, 0, 0, 0, 0, 0, 0, 1, 0, 0, 0, 0, 0, 0, 0, 0, 0, 1, 1]",0,"[2683, 4969, 800, 5298, 840, 2499, 6632, 7022, 1511, 3248, 4964, 6270]"
312329,120056,"[40480, 21044, 16954, 8294, 556, 10837, 40481]","[[5867, 24176], [1353], [6953], [1301, 11332], [21453, 8361], [25845, 8111, 11332], [23488, 8361], [37754, 10734], [652, 25, 3035, 11959, 10734], [10837], [19811, 21137, 556, 20323, 15022, 296, 7, 4344, 6741], [11951, 4914], [1615, 23, 695, 2338, 6821], [2801, 30645, 4785, 6821], [17918]]","[40480, 40482, 8240, 481, 24176, 296, 1353, 666, 246, 1719, 5082, 40478, 40482, 4846, 481, 21298, 240, 37754, 10734, 240, 652, 25, 3035, 11959, 240, 296, 10837, 485, 481, 5082, 674, 2030, 485, 246, 14057, 40478, 40482, 1300, 714, 481, 2525, 296, 32093, 562, 284, 1571, 40478, 40482, 4846, 481, 6945, 19811, 240, 4914, 240, 296, 6821, 240, 9467, 1073, 6737, 40478, 40482, 7087, 481, 17918, 556, 277, 13020, 9082, 498, 1353, 674, 9467, 666, 481, 8294, 40478, 40482, 32093, 562, 1007, 288, 260, 5895, 1571, 40478, 40481]","[0, 0, 0, 0, 1, 0, 0, 0, 0, 0, 0, 1, 0, 0, 0, 0, 0, 0, 0, 0, 0, 0, 0, 0, 0, 0, 0, 0, 1, 0, 0, 0, 0, 1, 0, 0, 0, 0, 0, 0, 0, 0, 1, 0, 0, 0, 0, 0, 0, 0, 0, 0, 0, 0, 0, 0, 0, 0]",1,"[1257, 7655, 6270, 590, 5024, 1119, 4883, 6696, 7946, 5648, 7239, 7705, 7594, 1168, 2683]"
74301,168258,"[40480, 10025, 31156, 40481]","[[1270, 1645, 28447], [21601], [27952, 29471, 484], [31843], [6821], [9514, 4914], [10444], [692, 37297, 17128]]","[40480, 40482, 5539, 21601, 1073, 903, 2324, 40478, 40482, 9933, 481, 4739, 488, 9467, 500, 27952, 7087, 488, 277, 278, 280, 3026, 31843, 278, 1251, 14923, 10734, 40478, 40482, 32093, 562, 281, 260, 284, 1571, 40478, 40482, 3336, 1270, 1645, 28447, 666, 10025, 19633, 7420, 40478, 40482, 9082, 11434, 9019, 500, 7420, 488, 1495, 556, 481, 281, 3, 21, 3696, 498, 31843, 488, 6821, 240, 13241, 10812, 40478, 40482, 19007, 500, 729, 6720, 44, 42, 46, 250, 10906, 562, 292, 1571, 240, 522, 1073, 481, 1270, 9622, 640, 10123, 903, 2324, 40478, 40482, 4103, 556, 4019, 31843, 240, 9514, 4914, 240, 30142, 488, 692, 37297, 17128, 645, 10114, 40478, 40482, 3545, 267, 40478, 40481]","[1, 0, 0, 0, 0, 0, 0, 0, 0, 0, 0, 0, 0, 0, 0, 0, 1, 0, 0, 0, 0, 0, 0, 0, 0, 0, 0, 0, 0, 0, 0, 0, 0, 0, 0, 0, 0, 0, 0, 0, 0, 0, 1, 0, 0, 0, 0, 0, 0, 0, 0, 0, 0, 0, 0, 0, 0, 0]",0,"[7940, 3609, 7060, 6265, 1170, 6654, 5003, 3561]"
76272,109030,"[40480, 17841, 252, 782, 2373, 1641, 2373, 252, 40481]","[[1430, 11434], [1430, 17027], [1615, 23, 695, 2338, 6821], [13134, 2555, 29273, 9410]]","[40480, 40482, 14046, 1430, 11434, 488, 17027, 1073, 903, 2324, 40478, 40482, 9933, 811, 4739, 40478, 40482, 4846, 827, 943, 1615, 23, 695, 2338, 488, 9467, 1073, 862, 9126, 40478, 40482, 9082, 34745, 13020, 1201, 17321, 933, 1557, 8654, 498, 2555, 29273, 40478, 40482, 4103, 2198, 522, 1178, 2107, 500, 963, 954, 10906, 40478, 40481]","[0, 0, 0, 0, 0, 0, 0, 0, 0, 1, 0, 0, 0, 0, 0, 0, 1, 0, 0, 0, 1, 0, 0, 0, 0, 0, 0, 0, 0, 0, 0, 0, 0, 0, 0, 0, 0, 0, 0, 0, 0, 0, 0, 0, 0, 0, 0, 0, 0, 0, 0, 0, 0, 0, 0, 0, 0, 0]",0,"[3484, 6324, 7594, 243]"
465171,111231,"[40480, 3390, 829, 35873, 7047, 13731, 2640, 13521, 40481]","[[13731, 30684, 260, 245, 17843, 25592, 10601], [1353], [21190], [6444], [2548, 8797], [3753, 2044, 5409], [13731, 7524], [9230, 789, 607], [8780], [4914]]","[40480, 40482, 7087, 13731, 30684, 260, 245, 556, 11468, 1353, 674, 1705, 1353, 40478, 40482, 5463, 1073, 2314, 35491, 40478, 40482, 2523, 1073, 12924, 40478, 40482, 567, 676, 27434, 21190, 556, 6444, 40478, 40482, 9933, 7524, 811, 485, 727, 277, 3026, 40478, 40482, 7087, 2548, 8797, 556, 481, 21190, 40478, 40482, 7087, 666, 30684, 260, 245, 9019, 40478, 40482, 4264, 3753, 2044, 5409, 666, 277, 3652, 3585, 40478, 40482, 587, 538, 1529, 775, 903, 2324, 4299, 40478, 40482, 17143, 5409, 556, 30684, 260, 245, 9019, 500, 291, 272, 280, 272, 7877, 3652, 6847, 40478, 40482, 5463, 1073, 3677, 40478, 40482, 562, 481, 27943, 240, 5539, 481, 13731, 7524, 240, 9230, 789, 607, 240, 488, 8780, 1073, 20559, 40478, 40482, 2548, 40478, 40482, 4846, 280, 13020, 23028, 277, 278, 280, 488, 277, 278, 280, 4914, 40478, 40482, 669, 2548, 20761, 504, 1495, 498, 10601, 40478, 40481]","[0, 0, 0, 0, 1, 0, 0, 0, 0, 0, 0, 0, 0, 0, 0, 0, 1, 0, 0, 0, 0, 0, 0, 0, 0, 0, 0, 0, 0, 0, 0, 0, 0, 0, 0, 0, 0, 0, 0, 0, 0, 0, 0, 0, 0, 0, 0, 0, 0, 0, 0, 0, 0, 1, 0, 0, 1, 0]",2,"[6861, 7655, 6846, 6906, 1789, 131, 6863, 1833, 840, 1909]"
163861,85356,"[40480, 1966, 488, 5218, 252, 5867, 10994, 11892, 40481]","[[31801, 12395, 25808], [17918], [6953], [11332], [8441], [6796, 5940], [5867, 500, 246, 21118, 17729], [6020], [8780]]","[40480, 40482, 604, 704, 15110, 244, 15684, 244, 280, 4334, 31801, 12395, 25808, 562, 512, 40478, 40482, 500, 7056, 3505, 240, 1082, 17918, 40478, 40482, 7033, 556, 557, 889, 6953, 488, 11332, 557, 512, 649, 40478, 40482, 500, 1007, 7056, 3505, 2523, 8441, 488, 2523, 500, 6796, 5940, 40478, 40482, 500, 2981, 7056, 3505, 240, 1082, 23935, 17169, 40478, 40482, 4309, 3135, 25808, 504, 1109, 2000, 500, 17918, 9019, 40478, 40482, 11606, 566, 491, 246, 720, 666, 8441, 9019, 240, 2773, 16829, 14540, 811, 240, 674, 3135, 10123, 500, 23935, 17169, 40478, 40482, 6981, 504, 40478, 40482, 1082, 25808, 666, 1845, 6020, 9019, 715, 11868, 2525, 488, 14046, 562, 670, 281, 260, 282, 1571, 522, 522, 14690, 3746, 2507, 40478, 40482, 1300, 488, 14046, 728, 737, 14690, 1256, 240, 670, 1007, 281, 260, 282, 1571, 522, 14690, 3746, 2507, 504, 1109, 2000, 40478, 40482, 4103, 556, 21552, 240, 17921, 10837, 240, 17002, 488, 11488, 40478, 40481]","[0, 0, 0, 0, 0, 0, 0, 0, 0, 0, 0, 0, 0, 0, 0, 0, 0, 0, 0, 0, 1, 0, 0, 0, 0, 0, 0, 1, 0, 0, 0, 0, 0, 0, 0, 0, 0, 0, 0, 0, 0, 0, 0, 0, 0, 0, 0, 0, 0, 0, 0, 0, 0, 0, 0, 0, 0, 0]",2,"[5574, 2683, 6270, 5319, 2499, 869, 1278, 4987, 840]"
186383,105140,"[40480, 5317, 7, 491, 11274, 5639, 40481]","[[17918], [25916], [15473, 8361], [15473, 10166], [6953], [2507, 6444], [6020], [15000, 18347], [637, 15, 5940], [5317, 9079]]","[40480, 40482, 729, 2525, 10906, 485, 43, 8393, 9378, 40478, 40482, 29369, 1281, 2832, 16126, 500, 246, 5024, 40478, 40482, 7087, 1281, 481, 6444, 240, 6020, 240, 637, 15, 5940, 240, 488, 15000, 40478, 40482, 1547, 7087, 500, 481, 2832, 16126, 40478, 40482, 9467, 500, 481, 5317, 9079, 40478, 40482, 2933, 481, 9019, 666, 246, 35050, 53, 34, 7877, 244, 6847, 40478, 40482, 19007, 562, 15152, 10353, 1571, 522, 1073, 481, 11274, 5639, 640, 3746, 504, 1495, 40478, 40482, 2548, 488, 1892, 666, 5639, 40478, 40481]","[1, 0, 0, 0, 0, 0, 0, 0, 0, 0, 0, 0, 0, 0, 0, 0, 0, 0, 0, 0, 0, 0, 0, 0, 0, 0, 0, 0, 0, 0, 0, 0, 0, 0, 0, 0, 0, 0, 0, 0, 0, 0, 0, 0, 0, 0, 0, 0, 0, 0, 0, 0, 0, 0, 0, 0, 0, 1]",0,"[2683, 4969, 332, 335, 6270, 800, 4987, 7470, 6706, 1388]"
116395,8671,"[40480, 16190, 13249, 4914, 5639, 40481]","[[17918], [36374, 3388, 650, 256, 6444], [23618, 5940], [578, 2916, 996], [8780], [1454, 1143, 7406], [2417, 1454, 3204], [4914, 6821], [8441], [15000], [13249, 7524], [6444], [6812]]","[40480, 40482, 19093, 271, 40478, 40482, 23667, 17918, 240, 36374, 3388, 650, 6444, 240, 8361, 5940, 240, 488, 1430, 578, 2916, 996, 240, 8780, 240, 7087, 5802, 1904, 9588, 40478, 40482, 500, 246, 4309, 35050, 54, 34, 292, 6847, 4306, 6981, 500, 481, 9019, 40478, 40482, 19007, 292, 1571, 491, 43, 8393, 9378, 40478, 40482, 4914, 8556, 271, 40478, 40482, 500, 2044, 37453, 240, 12172, 481, 1143, 7406, 488, 481, 1454, 3204, 5802, 507, 5526, 246, 16064, 240, 670, 6828, 2460, 40478, 40482, 7087, 240, 4914, 6821, 240, 8441, 240, 36374, 3388, 650, 6444, 488, 15000, 5802, 3866, 240, 12172, 500, 481, 1143, 6539, 9019, 40478, 40482, 8240, 17679, 19093, 40478, 40482, 19007, 7648, 485, 7379, 1571, 5802, 1233, 40478, 40482, 13249, 8556, 271, 40478, 40482, 23667, 481, 7524, 240, 6444, 488, 6812, 240, 12172, 5802, 3866, 40478, 40482, 2685, 8240, 504, 1495, 498, 4914, 9019, 40478, 40482, 19007, 1007, 7648, 1571, 522, 5802, 1233, 40478, 40482, 2548, 2055, 40478, 40482, 35009, 556, 36374, 3388, 650, 6444, 40478, 40482, 3545, 267, 40478, 40481]","[1, 0, 0, 1, 0, 0, 0, 0, 0, 1, 0, 0, 0, 0, 0, 0, 0, 0, 0, 0, 0, 0, 0, 0, 0, 0, 0, 0, 0, 0, 0, 0, 0, 1, 0, 0, 0, 0, 0, 0, 0, 0, 0, 0, 0, 0, 1, 0, 0, 0, 0, 0, 0, 0, 0, 0, 0, 0]",1,"[2683, 1689, 5687, 1098, 840, 7782, 7011, 1910, 2499, 7449, 4253, 6906, 2499]"
303460,160334,"[40480, 1287, 7912, 504, 22118, 19276, 831, 478, 4481, 40481]","[[559, 1164, 6020], [511, 532, 543, 241], [6647, 26285], [548, 27862, 10734], [1055, 11, 4364, 10107], [827, 6591], [15022, 796, 964], [3316, 10734], [978, 955, 541]]","[40480, 40482, 14259, 1055, 11, 4364, 488, 827, 6591, 488, 1430, 9401, 40478, 40482, 39174, 1749, 6224, 40478, 40482, 7087, 589, 16126, 862, 40478, 40482, 645, 512, 831, 25838, 704, 1973, 1872, 815, 292, 1808, 4846, 481, 15022, 282, 260, 292, 1808, 781, 512, 19276, 40478, 40482, 2454, 704, 1973, 562, 282, 260, 20986, 1808, 240, 481, 1872, 481, 1198, 40478, 40482, 19276, 481, 22118, 1073, 1256, 40478, 40482, 3545, 267, 40478, 40481]","[0, 1, 0, 0, 0, 0, 0, 0, 0, 0, 0, 0, 0, 0, 0, 0, 0, 0, 0, 0, 0, 0, 0, 0, 0, 0, 1, 0, 0, 0, 0, 0, 0, 0, 0, 0, 0, 1, 0, 0, 0, 0, 0, 0, 0, 0, 0, 0, 0, 0, 0, 0, 0, 0, 0, 0, 0, 0]",0,"[6413, 7997, 3148, 3710, 1799, 2007, 3203, 2654, 1316]"
408927,121197,"[40480, 17649, 31711, 2250, 6453, 40481]","[[10207, 11125], [5541, 4183], [28, 14769, 1922, 245, 28062], [878, 940, 15022, 796, 964], [2507, 6444], [6444], [978, 3204, 26285], [3137, 10848], [1657, 23488, 14516], [4564, 36, 965], [13249, 36, 965], [6953]]","[40480, 40482, 277, 40478, 40482, 23667, 589, 16126, 500, 246, 1719, 4835, 39587, 40478, 40482, 2030, 485, 246, 14057, 715, 1583, 2525, 40478, 40482, 32093, 240, 14917, 240, 9822, 2528, 240, 1073, 481, 10207, 11125, 604, 2400, 714, 488, 481, 9019, 980, 20559, 5140, 240, 5895, 485, 7648, 1571, 40478, 40482, 280, 40478, 40482, 851, 2548, 2055, 40478, 40482, 36305, 481, 2250, 6453, 666, 2698, 17192, 488, 8658, 746, 40478, 40482, 277, 40478, 40482, 8658, 746, 2250, 6453, 500, 531, 3048, 2240, 10807, 562, 609, 485, 277, 3592, 40478, 40482, 485, 759, 507, 562, 15485, 8541, 40478, 40482, 280, 40478, 40482, 1072, 507, 500, 11468, 6133, 1353, 562, 5895, 1571, 40478, 40482, 2548, 488, 2961, 40478, 40481]","[0, 0, 0, 0, 1, 0, 0, 0, 0, 1, 0, 0, 0, 0, 0, 0, 0, 0, 0, 0, 0, 0, 0, 0, 0, 0, 0, 0, 0, 0, 0, 0, 0, 0, 0, 0, 1, 0, 0, 0, 0, 0, 1, 0, 0, 0, 0, 0, 0, 0, 0, 0, 0, 1, 0, 0, 0, 0]",0,"[1881, 6426, 3957, 4740, 800, 6906, 6009, 2809, 7857, 5090, 4284, 6270]"
331329,10089,"[40480, 1112, 943, 15022, 26, 1261, 911, 40481]","[[6167, 26, 1261, 911], [11197, 260, 39292, 4739, 260, 1964, 5867, 24176], [21453], [15022, 796, 964], [24329, 26285], [10444, 6020], [6953, 296, 10767, 1430, 1301, 11332], [19811]]","[40480, 40482, 1082, 26, 1261, 911, 500, 246, 1911, 10757, 488, 29649, 775, 4959, 525, 512, 1085, 40478, 40482, 21662, 488, 9933, 40478, 40482, 1082, 246, 11868, 4835, 39587, 715, 11868, 260, 1583, 2525, 488, 4846, 5867, 24176, 40478, 40482, 2030, 485, 246, 3332, 14057, 40478, 40482, 8240, 26, 1261, 911, 666, 481, 5082, 1547, 620, 525, 481, 1353, 1056, 595, 1296, 11468, 40478, 40482, 4846, 481, 21453, 488, 15022, 40478, 40482, 18115, 2525, 485, 11868, 240, 2454, 240, 488, 32093, 7379, 1571, 40478, 40482, 2457, 861, 7648, 1571, 485, 788, 645, 481, 6847, 544, 2832, 40478, 40482, 4846, 277, 278, 282, 3026, 1353, 645, 1388, 40478, 40482, 645, 655, 544, 834, 889, 5379, 240, 6018, 3403, 488, 14057, 485, 32449, 40478, 40482, 6018, 617, 2525, 488, 4846, 26285, 240, 6020, 240, 6953, 240, 488, 11332, 40478, 40482, 8263, 862, 40478, 40482, 1082, 504, 7685, 6786, 556, 481, 8684, 19811, 504, 481, 2000, 40478, 40481]","[0, 0, 0, 0, 1, 0, 0, 0, 0, 0, 0, 0, 0, 0, 0, 0, 1, 0, 0, 0, 0, 0, 0, 0, 0, 0, 0, 0, 0, 0, 0, 0, 0, 1, 0, 0, 0, 0, 0, 0, 0, 0, 1, 0, 0, 0, 0, 0, 0, 0, 0, 1, 0, 0, 0, 1, 0, 0]",1,"[2300, 1257, 5010, 3203, 1504, 5006, 6272, 7213]"
330169,156810,"[40480, 6977, 2032, 2417, 13995, 5409, 28924, 479, 5409, 7087, 40481]","[[3484, 5409, 7087, 556, 21278], [6812], [5940], [4564, 240, 7524, 498], [17869, 6020], [17921, 2417, 13995], [7304, 7056, 16361]]","[40480, 40482, 729, 2525, 10906, 485, 43, 28852, 250, 40478, 40482, 24440, 481, 2417, 10837, 500, 246, 5024, 40478, 40482, 4846, 500, 5379, 16126, 271, 5940, 240, 6812, 240, 6020, 488, 4564, 7524, 40478, 40482, 7087, 1073, 16343, 40478, 40482, 4846, 5409, 7087, 488, 7304, 7056, 16361, 40478, 40482, 7087, 504, 11868, 3305, 1073, 3866, 40478, 40482, 8240, 666, 6847, 498, 2650, 40478, 40482, 249, 1252, 246, 2706, 26107, 40478, 40481]","[0, 0, 0, 1, 0, 0, 0, 0, 0, 0, 0, 0, 0, 0, 0, 0, 0, 0, 0, 0, 0, 0, 0, 0, 0, 0, 0, 1, 0, 0, 0, 0, 0, 1, 0, 0, 0, 0, 0, 0, 0, 0, 0, 0, 0, 0, 1, 0, 0, 0, 0, 0, 0, 0, 0, 0, 0, 0]",0,"[912, 2499, 4717, 5093, 7557, 4611, 163]"
289290,21546,"[40480, 697, 3450, 252, 5867, 16476, 40481]","[[5867, 5355], [16476, 10734], [15022], [10444, 6020], [1353], [6953], [16476]]","[40480, 40482, 2525, 10444, 6020, 500, 1719, 28058, 40478, 40482, 4846, 5867, 3585, 488, 15022, 488, 4835, 836, 504, 11868, 260, 1583, 485, 478, 13982, 15022, 666, 481, 6020, 488, 1073, 5867, 544, 664, 1872, 3390, 40478, 40482, 587, 595, 9933, 40478, 40482, 10374, 500, 481, 1444, 7932, 498, 16476, 10734, 715, 481, 5867, 488, 10444, 6020, 278, 15022, 40478, 40482, 9467, 488, 2030, 485, 246, 14057, 40478, 40482, 1300, 2525, 714, 485, 954, 488, 2454, 488, 32093, 240, 9822, 6641, 40478, 40482, 1000, 16476, 10734, 544, 20726, 240, 6672, 704, 3898, 15657, 40478, 40482, 249, 1252, 2808, 16476, 40478, 40482, 2030, 246, 1719, 5082, 498, 1353, 485, 14057, 240, 4846, 246, 1378, 498, 6953, 240, 4846, 15657, 488, 2294, 485, 246, 14057, 240, 9822, 6641, 1073, 679, 1666, 836, 240, 522, 6890, 13012, 40478, 40482, 861, 15657, 544, 9649, 485, 10114, 13012, 240, 9933, 40478, 40482, 4103, 16476, 10734, 715, 1845, 240, 9649, 16476, 40478, 40481]","[0, 0, 0, 0, 1, 0, 0, 0, 0, 0, 0, 0, 0, 0, 0, 0, 1, 0, 0, 0, 0, 0, 0, 0, 0, 0, 0, 0, 0, 0, 0, 0, 0, 0, 0, 0, 0, 0, 1, 0, 0, 0, 1, 1, 0, 0, 0, 0, 0, 0, 0, 0, 0, 0, 0, 0, 0, 0]",1,"[1252, 6711, 3184, 5006, 7655, 6270, 6715]"
288683,38144,"[40480, 3717, 488, 14965, 1845, 5317, 40481]","[[22814, 2417, 5317], [20613, 8361], [6444], [3905, 4914], [1585, 260, 4914, 5940], [15341, 3261]]","[40480, 40482, 500, 246, 2262, 260, 5945, 4835, 39587, 240, 4846, 500, 481, 2400, 3585, 498, 5317, 488, 3905, 4914, 488, 715, 11868, 2525, 240, 9467, 1399, 1280, 5802, 6737, 40478, 40482, 4846, 500, 481, 20613, 8361, 240, 6444, 240, 5940, 488, 15341, 3261, 488, 29369, 1399, 1280, 5802, 507, 2323, 485, 14057, 40478, 40482, 674, 240, 921, 507, 811, 2525, 488, 2327, 6748, 500, 481, 6198, 3905, 4914, 5802, 3866, 40478, 40482, 716, 260, 2525, 833, 488, 29369, 7770, 800, 1280, 485, 925, 507, 33574, 40478, 40482, 8240, 666, 16090, 488, 35009, 20613, 8361, 504, 1495, 40478, 40482, 3545, 267, 40478, 40481]","[0, 0, 0, 0, 1, 0, 0, 0, 0, 0, 0, 0, 0, 0, 0, 0, 0, 0, 0, 0, 0, 0, 0, 0, 0, 0, 0, 0, 1, 0, 0, 0, 0, 1, 0, 0, 0, 0, 0, 0, 0, 0, 0, 0, 0, 0, 1, 0, 0, 0, 0, 0, 0, 0, 0, 0, 1, 1]",2,"[1375, 1589, 6906, 2181, 3165, 1527]"
154406,126134,"[40480, 1189, 3551, 17869, 7478, 40481]","[[5339], [8780], [21453], [19811], [13995], [2056, 22942], [8289], [6821], [6953], [11332], [16954, 20003], [1845, 10734], [1454, 10734], [5940], [1454, 17918]]","[40480, 40482, 6672, 1454, 10734, 702, 13528, 277, 13020, 9082, 8780, 500, 246, 6847, 40478, 40482, 4846, 17918, 40478, 40482, 14046, 4309, 40478, 40482, 4846, 5940, 40478, 40482, 9467, 5802, 507, 8062, 649, 10734, 40478, 40482, 4846, 17163, 21453, 240, 16954, 240, 10837, 240, 2056, 1749, 2763, 240, 12193, 8289, 240, 1444, 6821, 240, 6953, 488, 11332, 40478, 40482, 4309, 8061, 481, 5339, 15786, 40478, 40482, 11072, 8780, 504, 566, 737, 808, 40478, 40482, 2933, 481, 1454, 10734, 488, 17869, 9019, 504, 481, 28742, 737, 40478, 40482, 1072, 481, 5040, 16999, 6821, 504, 1495, 40478, 40482, 35009, 16954, 488, 1749, 6224, 10734, 488, 19007, 491, 43, 8393, 6937, 250, 562, 1286, 1571, 522, 5802, 6821, 25405, 40478, 40482, 4103, 1845, 40478, 40481]","[1, 0, 0, 0, 1, 0, 0, 0, 0, 0, 0, 0, 0, 0, 0, 0, 0, 0, 0, 0, 1, 1, 0, 0, 0, 0, 0, 0, 1, 0, 0, 0, 0, 0, 0, 0, 0, 0, 0, 0, 0, 0, 0, 0, 0, 0, 0, 0, 0, 0, 0, 0, 0, 0, 1, 0, 0, 0]",0,"[715, 840, 5010, 7213, 5648, 3412, 1803, 1170, 6270, 5319, 7228, 3810, 7785, 4717, 7754]"
102015,135212,"[40480, 12187, 5867, 6285, 488, 6878, 40481]","[[1454, 6878], [4914, 498, 5867, 8294], [4914, 498, 38139, 8294], [4914, 498, 22193, 8294], [13326, 3204], [992, 1492, 501, 29702], [5867, 6285], [8780], [6953], [734, 744, 3707, 6821], [712, 941, 3012]]","[40480, 40482, 5122, 488, 2832, 5867, 6285, 40478, 40482, 1082, 481, 563, 9649, 6878, 500, 481, 2695, 498, 246, 53, 34, 6682, 15473, 6847, 40478, 40482, 7087, 1994, 802, 240, 13326, 488, 8780, 1281, 488, 8240, 246, 909, 715, 481, 6878, 485, 9819, 503, 507, 40478, 40482, 6953, 481, 5867, 6285, 488, 1082, 481, 31331, 5867, 6285, 504, 481, 6878, 40478, 40482, 8240, 481, 1346, 498, 481, 5379, 504, 481, 6285, 40478, 40482, 35009, 734, 744, 3707, 6821, 240, 501, 29702, 488, 712, 941, 3012, 504, 1495, 40478, 40482, 481, 808, 5379, 544, 481, 3204, 40478, 40482, 19007, 280, 277, 278, 280, 1808, 14917, 491, 42, 22328, 9378, 40478, 40481]","[1, 0, 0, 0, 0, 0, 0, 0, 0, 0, 0, 0, 0, 0, 0, 0, 0, 0, 0, 0, 0, 0, 0, 0, 0, 0, 0, 0, 0, 0, 0, 0, 0, 1, 0, 0, 0, 0, 0, 0, 0, 0, 0, 0, 0, 0, 0, 0, 0, 0, 0, 0, 0, 0, 0, 0, 0, 0]",2,"[7783, 1917, 1914, 1920, 6443, 4449, 1252, 840, 6270, 5180, 5168]"
60244,74743,"[40480, 25102, 22992, 2869, 9021, 6271, 40481]","[[9426, 260, 2417, 5317, 9079], [2274, 10841, 6020], [2507, 6444], [8441, 15953], [1092, 8289, 17881], [1353], [15000, 18347], [589, 260, 4001, 17918], [36374, 3388, 650, 256, 6444], [15473, 20613], [15473, 8361], [6953]]","[40480, 40482, 500, 246, 4835, 39587, 240, 9423, 281, 278, 282, 3026, 5317, 9079, 488, 6020, 715, 954, 2525, 240, 9822, 6536, 40478, 40482, 8240, 666, 246, 1719, 5024, 40478, 40482, 2548, 562, 284, 1571, 40478, 40482, 9467, 500, 2507, 6444, 40478, 40482, 4846, 8441, 15953, 240, 8289, 17881, 240, 1353, 488, 15000, 240, 9467, 862, 40478, 40482, 23667, 481, 17918, 240, 280, 278, 281, 3026, 36374, 3388, 650, 256, 6444, 240, 20613, 240, 15473, 8361, 488, 6953, 40478, 40482, 9467, 666, 5317, 9019, 1073, 9126, 40478, 40482, 9467, 500, 481, 5040, 5317, 9079, 40478, 40482, 17532, 812, 580, 963, 6062, 40478, 40482, 2869, 702, 13020, 22555, 15026, 280, 4550, 2951, 1557, 15473, 5458, 11364, 556, 3567, 3261, 6913, 7933, 40478, 40482, 19007, 491, 43, 28852, 250, 562, 292, 260, 5895, 1571, 522, 1073, 12669, 488, 1233, 40478, 40482, 2548, 562, 280, 1571, 781, 9117, 485, 6859, 11444, 40478, 40482, 35009, 16000, 9021, 556, 5040, 36374, 3388, 650, 256, 6444, 40478, 40481]","[1, 0, 0, 0, 0, 0, 0, 0, 0, 1, 0, 0, 0, 0, 0, 0, 0, 0, 0, 0, 0, 0, 0, 0, 0, 0, 0, 0, 1, 0, 0, 0, 0, 1, 0, 0, 0, 0, 0, 0, 0, 0, 0, 0, 0, 0, 0, 0, 0, 0, 0, 0, 0, 0, 0, 0, 0, 0]",0,"[1388, 1043, 800, 2509, 4330, 7655, 7470, 63, 1689, 328, 332, 6270]"
120122,165993,"[40480, 17649, 1112, 943, 28140, 568, 556, 30878, 40481]","[[6167, 20323], [6167, 17841], [6167, 7, 4344, 6741], [6945, 978, 11332, 14071], [1244, 546, 10107], [30878, 13436], [9230, 789, 607], [10444, 6020], [15022, 796, 964], [28140, 568, 2226, 3531]]","[40480, 40482, 729, 2525, 10906, 485, 44, 12354, 250, 40478, 40482, 500, 246, 1220, 5024, 23667, 20323, 240, 17841, 240, 7, 4344, 6741, 240, 978, 11332, 14071, 488, 1244, 546, 10107, 40478, 40482, 1233, 2913, 40478, 40482, 9933, 30878, 240, 492, 6255, 277, 278, 282, 3026, 498, 481, 7524, 40478, 40482, 4846, 30878, 13436, 488, 5040, 7524, 485, 246, 15963, 260, 2067, 5024, 40478, 40482, 9467, 500, 9230, 789, 607, 488, 277, 278, 282, 1901, 9082, 498, 9072, 16361, 9019, 40478, 40482, 1233, 2913, 40478, 40482, 9467, 500, 5040, 16361, 9019, 240, 15022, 488, 10444, 6020, 666, 246, 291, 260, 3652, 4170, 15473, 5465, 556, 9072, 3026, 498, 30878, 7524, 40478, 40482, 8556, 28140, 568, 504, 1495, 488, 829, 2307, 556, 9019, 500, 6847, 40478, 40482, 19007, 562, 5895, 1571, 240, 522, 1073, 3316, 14071, 2705, 40478, 40482, 1000, 3316, 829, 1240, 240, 15963, 30878, 30902, 30878, 13436, 504, 1583, 562, 282, 1571, 240, 522, 1073, 10734, 29420, 488, 6524, 1834, 40478, 40482, 4103, 7404, 522, 4262, 715, 28140, 568, 40478, 40481]","[1, 0, 0, 0, 1, 0, 0, 0, 0, 1, 0, 0, 0, 0, 0, 0, 1, 0, 0, 0, 0, 0, 0, 0, 0, 0, 0, 0, 0, 1, 0, 0, 0, 1, 0, 0, 0, 0, 0, 0, 0, 0, 0, 0, 0, 0, 0, 0, 0, 0, 0, 0, 0, 1, 0, 0, 0, 0]",1,"[2212, 2350, 2320, 1986, 143, 5410, 1833, 5006, 3203, 3592]"
238940,126686,"[40480, 13731, 30383, 30383, 5409, 40481]","[[1454, 5409, 7087], [15000, 4087, 21278, 7087], [6812], [1657, 5940], [6020], [15000], [4914, 6821], [8780], [6444], [23618, 6444], [2548, 8797], [3137, 21190]]","[40480, 40482, 6143, 6812, 488, 2523, 15953, 5802, 6062, 40478, 40482, 23667, 1346, 498, 16126, 4258, 8441, 23748, 265, 488, 2523, 862, 40478, 40482, 6748, 500, 8441, 15953, 40478, 40482, 14218, 281, 291, 3652, 5409, 18845, 488, 18830, 9019, 1210, 688, 40478, 40482, 19007, 7379, 485, 10353, 1571, 40478, 40482, 23948, 271, 4914, 8780, 488, 4914, 6821, 40478, 40482, 4846, 22722, 252, 240, 12172, 862, 40478, 40482, 674, 4846, 15000, 488, 6748, 500, 2548, 8797, 40478, 40482, 1892, 21190, 666, 15786, 240, 13884, 803, 562, 1495, 40478, 40482, 669, 5409, 544, 2548, 240, 8556, 556, 23948, 674, 21190, 40478, 40482, 8658, 746, 5409, 10308, 522, 507, 812, 580, 246, 5063, 20284, 267, 40478, 40481]","[1, 0, 0, 1, 0, 0, 0, 0, 0, 1, 0, 0, 0, 0, 0, 0, 0, 0, 0, 0, 0, 0, 0, 0, 0, 0, 0, 0, 0, 0, 0, 0, 0, 0, 0, 0, 1, 0, 0, 0, 0, 0, 0, 0, 0, 0, 0, 0, 0, 0, 0, 0, 0, 0, 0, 0, 1, 0]",1,"[912, 7479, 2499, 7853, 4987, 7449, 1910, 840, 6906, 5695, 1789, 2901]"
200498,50522,"[40480, 33620, 6796, 5940, 30137, 40481]","[[17918], [4087, 1431, 523], [8780], [5940], [6812], [15000, 18347], [6444], [6953]]","[40480, 40482, 6672, 481, 22306, 488, 8658, 746, 491, 1423, 292, 1808, 781, 15473, 2383, 589, 850, 485, 604, 30137, 562, 2340, 240, 522, 10308, 485, 604, 688, 562, 3511, 40478, 40482, 925, 481, 22306, 500, 481, 1475, 522, 2554, 271, 40478, 40482, 23667, 488, 29369, 1281, 481, 2832, 16126, 500, 246, 1719, 5024, 271, 17918, 240, 1431, 523, 240, 6444, 488, 6953, 40478, 40482, 23667, 481, 6737, 8780, 488, 5940, 40478, 40482, 4846, 481, 9019, 485, 481, 2832, 16126, 40478, 40482, 29369, 6812, 488, 15000, 1281, 500, 246, 6143, 1220, 5024, 40478, 40482, 4846, 481, 8441, 260, 15000, 9019, 485, 481, 728, 9019, 240, 488, 29369, 1073, 862, 260, 9126, 40478, 40482, 2454, 556, 4438, 5507, 488, 3261, 500, 481, 8051, 1073, 2346, 1475, 40478, 40482, 525, 2554, 522, 2890, 1475, 271, 40478, 40482, 6672, 28345, 4230, 557, 2647, 40478, 40482, 9467, 481, 22306, 485, 39925, 507, 40478, 40482, 4846, 485, 28345, 4230, 481, 1164, 638, 512, 636, 728, 22306, 240, 2621, 500, 1083, 525, 616, 22306, 812, 3779, 725, 815, 5424, 650, 525, 1529, 15473, 8361, 1698, 498, 1431, 523, 40478, 40482, 2191, 282, 260, 287, 1719, 2738, 30137, 40478, 40481]","[0, 0, 0, 0, 0, 0, 0, 0, 0, 1, 0, 0, 0, 0, 0, 0, 0, 0, 0, 0, 0, 0, 0, 0, 0, 0, 0, 0, 1, 0, 0, 0, 0, 0, 0, 0, 1, 0, 0, 0, 0, 0, 0, 0, 0, 0, 0, 0, 0, 0, 0, 0, 0, 0, 0, 0, 0, 1]",2,"[2683, 7956, 840, 4717, 2499, 7470, 6906, 6270]"
239063,97334,"[40480, 9670, 1527, 15352, 7732, 13995, 9540, 40481]","[[9689], [10837], [21453], [1061, 494, 813, 2141], [15022, 8361], [9689, 1121, 14719], [26285], [1454, 6444], [6167, 734, 5612], [29471, 484, 6953], [17195, 1430, 11332]]","[40480, 40482, 500, 246, 28058, 5539, 481, 9689, 15786, 1073, 1241, 9238, 40478, 40482, 6018, 485, 246, 3505, 16172, 522, 19657, 8654, 481, 9649, 9689, 40478, 40482, 1233, 2913, 40478, 40482, 1082, 481, 8684, 522, 827, 943, 10837, 666, 246, 1719, 5082, 40478, 40482, 2454, 556, 1353, 488, 2030, 485, 246, 14057, 40478, 40482, 5539, 481, 10837, 1073, 4941, 568, 843, 3677, 9933, 488, 10553, 485, 246, 1719, 5024, 4846, 500, 481, 21453, 40478, 40482, 500, 246, 5024, 7087, 1281, 481, 1061, 494, 813, 2141, 240, 15022, 8361, 240, 277, 278, 282, 3026, 9689, 14218, 26285, 240, 6444, 240, 734, 5612, 240, 21137, 6953, 488, 1301, 11332, 40478, 40482, 7087, 862, 485, 23667, 40478, 40482, 8240, 715, 481, 9649, 10837, 488, 2327, 8263, 485, 23667, 40478, 40482, 35009, 481, 9649, 9689, 504, 1495, 498, 481, 9540, 40478, 40482, 851, 1229, 491, 844, 7858, 562, 277, 522, 725, 1808, 781, 6255, 40478, 40481]","[0, 0, 0, 0, 1, 0, 0, 0, 0, 1, 0, 0, 0, 0, 0, 0, 1, 0, 0, 0, 0, 0, 0, 0, 0, 0, 0, 0, 0, 0, 0, 0, 0, 1, 0, 0, 0, 0, 0, 0, 0, 0, 0, 1, 0, 0, 0, 0, 0, 0, 0, 0, 0, 0, 0, 1, 0, 0]",2,"[298, 5648, 5010, 4623, 3217, 301, 7620, 7790, 2324, 6374, 1571]"
248727,136546,"[40480, 1279, 5903, 1657, 17004, 13617, 556, 13731, 10734, 40481]","[[589, 260, 4001, 17918], [1657, 17004, 17918], [15473, 8361], [15473, 10166], [6953], [6812], [954, 260, 4739, 6796, 5940], [3567, 4739, 5940], [4017], [15000], [36374, 3388, 650, 256, 6444], [21190], [13249, 7524], [17577, 17881]]","[40480, 40482, 729, 2525, 10906, 485, 11291, 250, 729, 2525, 246, 1719, 3567, 3261, 1415, 1936, 522, 28058, 715, 246, 11868, 260, 954, 5609, 40478, 40482, 500, 246, 11868, 5024, 240, 29369, 1281, 481, 2832, 16126, 40478, 40482, 500, 1007, 11868, 5024, 240, 2523, 1281, 481, 6812, 240, 6796, 5940, 240, 5523, 260, 4739, 5940, 240, 4017, 488, 15000, 40478, 40482, 9467, 481, 2806, 16126, 666, 481, 2832, 16126, 240, 13733, 808, 1046, 485, 23667, 688, 40478, 40482, 481, 22306, 812, 580, 5140, 22559, 40478, 40482, 1529, 246, 277, 278, 281, 3026, 18434, 3026, 485, 36305, 481, 22306, 1557, 481, 1415, 1936, 522, 28058, 40478, 40482, 7409, 481, 24715, 669, 481, 1495, 544, 13853, 488, 507, 544, 3746, 2507, 504, 481, 2695, 40478, 40482, 674, 5539, 1073, 481, 728, 737, 544, 3746, 2507, 40478, 40482, 1578, 504, 531, 10906, 5468, 3505, 500, 481, 10906, 1073, 481, 2179, 17588, 544, 1011, 40478, 40482, 13731, 10734, 271, 40478, 40482, 673, 944, 21190, 500, 2044, 37453, 485, 246, 27919, 673, 944, 40478, 40482, 2525, 688, 500, 246, 1220, 4835, 39587, 715, 246, 954, 5609, 240, 1073, 600, 640, 668, 2107, 40478, 40482, 9467, 500, 13249, 7524, 488, 17577, 17881, 40478, 40482, 669, 589, 481, 13617, 640, 1011, 240, 1892, 688, 666, 1279, 9068, 556, 246, 1279, 5903, 11274, 17771, 40478, 40482, 36305, 670, 277, 278, 281, 3026, 498, 481, 13731, 10734, 1557, 1183, 3505, 240, 1082, 13617, 504, 1495, 488, 35009, 556, 36374, 3388, 650, 256, 6444, 240, 645, 2506, 40478, 40481]","[0, 0, 0, 0, 0, 0, 0, 0, 0, 1, 0, 0, 0, 0, 0, 0, 0, 0, 0, 0, 0, 0, 1, 0, 0, 0, 0, 0, 0, 0, 0, 0, 0, 0, 0, 1, 0, 0, 0, 0, 0, 0, 0, 1, 0, 0, 0, 0, 0, 0, 0, 0, 0, 0, 0, 0, 0, 1]",1,"[63, 7887, 332, 335, 6270, 2499, 869, 4717, 3723, 7449, 1689, 6846, 4253, 4568]"
69436,106465,"[40480, 12395, 25808, 500, 13529, 40481]","[[12395, 25808], [19414], [4087, 5867, 6168, 4386, 504, 38439, 1024], [3442], [20930, 510, 3674], [1705, 1353], [17918], [6953, 488, 11332]]","[40480, 40482, 6953, 488, 11332, 12395, 25808, 40478, 40482, 38985, 715, 1583, 2525, 1073, 903, 2324, 40478, 40482, 1082, 25808, 500, 26763, 5082, 40478, 40482, 1955, 8684, 19414, 715, 12395, 25808, 40478, 40482, 20599, 5867, 6168, 4386, 504, 500, 3442, 40478, 40482, 9467, 500, 20930, 510, 3674, 40478, 40482, 8240, 715, 12395, 25808, 40478, 40482, 2454, 488, 5539, 504, 954, 2525, 4094, 562, 292, 260, 5895, 1808, 40478, 40482, 562, 21552, 271, 23683, 4739, 617, 6913, 5379, 40478, 40482, 1082, 6913, 5379, 500, 246, 4835, 39587, 40478, 40482, 500, 246, 7932, 522, 21552, 30338, 240, 23667, 1705, 1353, 556, 17918, 40478, 40482, 29369, 666, 6913, 5379, 240, 9822, 6536, 1073, 507, 2323, 485, 246, 14057, 40478, 40482, 14057, 277, 260, 280, 1571, 40478, 40482, 4103, 715, 6878, 240, 20836, 240, 522, 17921, 10837, 40478, 40481]","[0, 0, 0, 0, 1, 0, 0, 0, 0, 1, 0, 0, 0, 0, 0, 0, 0, 0, 0, 0, 0, 0, 0, 0, 0, 0, 0, 1, 0, 0, 0, 0, 0, 1, 0, 0, 0, 0, 0, 0, 0, 0, 0, 0, 0, 0, 0, 0, 0, 0, 0, 0, 0, 0, 0, 0, 0, 1]",2,"[5574, 5010, 3861, 510, 7170, 1645, 2683, 6276]"
347224,53361,"[40480, 4172, 2839, 1781, 2417, 247, 9514, 5867, 40481]","[[25175, 16428], [17869, 6020], [38139], [4178, 11332], [30878, 13436], [30878, 7524], [2507, 6444], [26285], [37754, 10734], [20003], [652, 25, 3035, 11959, 10734], [1430, 10848], [9230, 789, 607], [1705, 1353]]","[40480, 40482, 2525, 6020, 500, 246, 282, 522, 287, 260, 660, 2212, 4172, 2839, 1781, 40478, 40482, 2507, 5867, 246, 1026, 3585, 491, 246, 720, 40478, 40482, 1233, 2913, 40478, 40482, 2294, 589, 5867, 485, 4172, 2839, 1781, 40478, 40482, 4846, 38139, 488, 2056, 11332, 40478, 40482, 23667, 30878, 7524, 240, 2507, 6444, 240, 26285, 240, 37754, 10734, 240, 20003, 240, 652, 25, 3035, 11959, 10734, 240, 488, 10848, 40478, 40482, 8240, 715, 5867, 40478, 40482, 1343, 4172, 2839, 1781, 2454, 15765, 40478, 40482, 1082, 4172, 34584, 504, 5366, 7486, 40478, 40482, 5539, 562, 292, 1571, 240, 491, 7648, 6823, 4172, 240, 556, 34584, 7944, 1547, 40478, 40482, 2548, 4172, 2839, 1781, 491, 1098, 40478, 40482, 6018, 5867, 488, 11488, 485, 246, 2107, 16153, 40478, 40482, 7087, 9230, 789, 607, 556, 1705, 1353, 40478, 40482, 12172, 666, 1845, 5379, 40478, 40482, 5539, 488, 9467, 1073, 9019, 29420, 488, 6524, 1834, 40478, 40482, 4846, 30878, 13436, 488, 2525, 40478, 40482, 8240, 10734, 715, 5867, 40478, 40482, 4103, 556, 6878, 40478, 40481]","[0, 0, 0, 1, 1, 0, 0, 0, 0, 1, 0, 0, 0, 0, 0, 0, 0, 0, 0, 0, 0, 0, 0, 0, 0, 0, 0, 0, 0, 0, 0, 0, 0, 1, 1, 0, 0, 0, 0, 0, 0, 0, 0, 0, 0, 0, 0, 0, 0, 0, 0, 0, 0, 1, 0, 0, 0, 0]",2,"[6142, 7557, 1124, 519, 5410, 5422, 800, 7620, 6696, 4053, 7946, 3512, 1833, 1645]"
294925,125380,"[40480, 23982, 5867, 13644, 3531, 40481]","[[14721, 36, 965], [14721, 7524], [17869, 6020], [5379, 4017], [6953], [3137, 1301, 11332], [3137, 1055, 11, 4364], [22942, 11332], [15022, 796, 527], [1430, 827, 6591], [1430, 1055, 11, 4364], [5867, 13644, 851], [23982], [5811, 16039]]","[40480, 40482, 500, 246, 18434, 3026, 240, 556, 246, 29369, 240, 7087, 36, 965, 488, 14721, 7524, 240, 6020, 240, 4017, 488, 277, 13618, 498, 6953, 488, 11332, 40478, 40482, 1233, 2913, 1444, 498, 481, 14721, 9019, 40478, 40482, 4846, 3137, 1055, 11, 4364, 488, 22942, 11332, 485, 481, 5040, 498, 14721, 9019, 40478, 40482, 1233, 2913, 40478, 40482, 500, 246, 1220, 5024, 240, 7087, 15022, 240, 827, 6591, 240, 1430, 1055, 11, 4364, 488, 5040, 6953, 488, 11332, 40478, 40482, 7582, 1183, 737, 498, 5867, 13644, 3531, 556, 481, 9019, 498, 21298, 40478, 40482, 1233, 481, 19276, 485, 11868, 260, 1583, 2525, 40478, 40482, 1072, 13644, 3531, 488, 23982, 504, 531, 6020, 13444, 488, 829, 2307, 556, 481, 9019, 498, 14721, 40478, 40482, 1343, 481, 2454, 488, 5539, 287, 485, 292, 1571, 522, 1073, 5867, 544, 595, 3390, 1151, 488, 23982, 640, 4941, 488, 18998, 40478, 40482, 4103, 504, 481, 5811, 16039, 488, 2933, 556, 481, 6089, 556, 1055, 11, 4364, 40478, 40481]","[0, 1, 0, 0, 0, 0, 0, 0, 0, 0, 0, 0, 0, 0, 0, 0, 0, 0, 0, 0, 0, 0, 0, 1, 0, 0, 0, 0, 0, 0, 0, 0, 0, 0, 0, 0, 0, 0, 0, 0, 0, 0, 0, 0, 0, 0, 0, 0, 0, 0, 0, 0, 0, 0, 0, 0, 0, 1]",1,"[4401, 4384, 7557, 4430, 6270, 2761, 2783, 1326, 3203, 3502, 3500, 1265, 5229, 4783]"
356953,62362,"[40480, 31711, 15341, 5339, 5339, 4165, 40481]","[[1353], [8780], [6444], [6953], [5339, 17918], [2832, 1431, 523], [10207, 11125], [15341]]","[40480, 40482, 4846, 485, 704, 5339, 8519, 5175, 485, 6874, 40478, 40482, 4846, 481, 10207, 11125, 488, 15341, 491, 481, 5047, 720, 1347, 562, 556, 704, 4165, 40478, 40482, 1529, 1092, 19093, 4094, 40478, 40481]","[0, 0, 0, 0, 0, 0, 0, 0, 0, 0, 0, 0, 0, 0, 0, 0, 0, 0, 0, 0, 0, 0, 0, 0, 0, 0, 0, 0, 0, 0, 0, 0, 0, 0, 0, 0, 0, 0, 0, 0, 0, 0, 0, 0, 0, 0, 0, 0, 0, 0, 0, 0, 0, 0, 0, 0, 0, 0]",2,"[7655, 840, 6906, 6270, 721, 7956, 1881, 1511]"
473932,39477,"[40480, 12187, 11434, 11880, 556, 21570, 40481]","[[11434, 11880, 5089], [19414], [589, 260, 4001, 17918], [11434, 24176], [978, 3204, 26285], [2832, 20930, 510, 3674], [6167, 17841], [11332], [21570], [6953]]","[40480, 40482, 500, 246, 7754, 281, 485, 282, 660, 2212, 26855, 240, 23667, 11434, 488, 19414, 40478, 40482, 19007, 240, 14917, 240, 500, 246, 44, 8393, 6937, 37473, 1511, 982, 507, 10906, 240, 9822, 6641, 240, 1073, 11434, 488, 19414, 640, 903, 2324, 40478, 40482, 6018, 617, 10906, 40478, 40482, 35009, 556, 17918, 488, 9467, 2327, 485, 3135, 40478, 40482, 18115, 10906, 485, 43, 8393, 9378, 37473, 1511, 982, 507, 40478, 40482, 500, 246, 277, 260, 277, 278, 280, 660, 2212, 6847, 240, 23667, 11434, 24176, 240, 978, 3204, 26285, 240, 20930, 510, 240, 17841, 488, 11332, 40478, 40482, 2030, 485, 246, 14057, 40478, 40482, 4846, 485, 11434, 9019, 240, 9822, 485, 13943, 775, 903, 2324, 5333, 40478, 40482, 32584, 21570, 715, 11434, 40478, 40482, 2454, 3689, 488, 19007, 1073, 11434, 544, 963, 4941, 669, 9391, 40478, 40482, 7033, 556, 6953, 40478, 40481]","[1, 0, 0, 0, 1, 0, 0, 0, 0, 1, 0, 0, 0, 0, 0, 0, 0, 0, 0, 0, 0, 0, 0, 0, 0, 0, 0, 0, 0, 0, 0, 0, 0, 0, 0, 0, 0, 0, 0, 0, 0, 0, 0, 0, 0, 0, 0, 0, 0, 0, 0, 0, 0, 0, 0, 0, 0, 0]",0,"[483, 5010, 63, 437, 6009, 2455, 2350, 5319, 1093, 6270]"
305135,83000,"[40480, 17649, 19328, 12725, 5867, 40481]","[[22942, 10734], [2507, 6444], [14721, 7524], [1845, 11332, 10734], [1430, 8828, 16361], [1430, 10848], [5867]]","[40480, 40482, 2525, 13444, 40478, 40482, 500, 1220, 4835, 39587, 240, 23667, 22942, 10734, 240, 2507, 6444, 240, 14721, 7524, 240, 1845, 11332, 10734, 240, 8828, 16361, 488, 10848, 40478, 40482, 2030, 485, 246, 14057, 240, 9822, 6641, 40478, 40482, 6018, 617, 2525, 40478, 40482, 1082, 5867, 504, 13444, 240, 1563, 737, 714, 240, 715, 954, 2525, 40478, 40482, 5539, 11421, 485, 15936, 1571, 522, 1073, 5867, 544, 7158, 4941, 488, 20483, 1612, 1949, 240, 1927, 1098, 488, 6263, 10450, 556, 27943, 2167, 1009, 7648, 1571, 498, 6913, 40478, 40482, 2030, 775, 5040, 27943, 485, 246, 14057, 40478, 40482, 4103, 557, 246, 10734, 556, 5867, 40478, 40481]","[0, 0, 0, 0, 1, 0, 0, 0, 0, 1, 0, 0, 0, 0, 0, 0, 0, 0, 0, 0, 0, 0, 0, 1, 0, 0, 0, 0, 0, 0, 0, 0, 0, 0, 0, 0, 0, 0, 0, 0, 0, 0, 0, 0, 0, 0, 0, 0, 0, 0, 0, 0, 0, 0, 0, 0, 0, 0]",2,"[1330, 800, 4384, 3800, 3478, 3512, 1240]"
504329,160455,"[40480, 13179, 8294, 31532, 759, 4530, 40481]","[[6382], [21453], [1430, 857, 841], [827, 6591, 10107], [15022, 796, 527], [13249, 7524], [14721, 7524], [13179]]","[40480, 40482, 14057, 589, 16126, 1073, 4941, 240, 670, 7379, 1571, 40478, 40482, 2548, 488, 9933, 240, 492, 6255, 481, 5379, 40478, 40482, 673, 944, 481, 11488, 1073, 2055, 3866, 40478, 40482, 4846, 481, 9072, 5379, 488, 5463, 40478, 40482, 491, 6255, 720, 240, 1325, 15405, 556, 878, 940, 1055, 11, 4364, 522, 734, 5612, 40478, 40481]","[0, 0, 0, 0, 1, 0, 0, 0, 0, 0, 0, 0, 0, 0, 0, 0, 1, 0, 0, 0, 0, 0, 0, 0, 0, 0, 0, 0, 0, 0, 0, 0, 0, 0, 0, 1, 0, 0, 0, 0, 0, 0, 0, 0, 0, 0, 1, 0, 0, 0, 0, 0, 0, 0, 0, 0, 0, 0]",0,"[6832, 5010, 3488, 2010, 3203, 4253, 4384, 1093]"
155411,156172,"[40480, 857, 1574, 1299, 1065, 19093, 3439, 33541, 18210, 16594, 5409, 40481]","[[8780], [2507, 6444], [6444], [8441, 15953], [6796, 5940], [17918], [15473, 10166], [15473, 8361], [6953], [15341], [1294, 2507, 6444]]","[40480, 40482, 729, 2525, 10906, 485, 43, 8393, 260, 43, 22328, 40478, 40482, 481, 4382, 7858, 812, 1168, 246, 725, 5939, 515, 31757, 240, 568, 512, 604, 485, 580, 725, 3140, 670, 1496, 15473, 40478, 40482, 7087, 8400, 500, 246, 1719, 5024, 481, 17918, 240, 15473, 8361, 240, 15473, 10166, 240, 6953, 488, 277, 277, 278, 280, 3, 3696, 15341, 40478, 40482, 1892, 1281, 481, 280, 260, 281, 3, 21, 3696, 5523, 260, 6737, 8780, 240, 277, 278, 282, 3026, 1294, 2507, 6444, 488, 2217, 889, 1454, 6444, 512, 3183, 1073, 512, 727, 246, 2806, 568, 1904, 9588, 30173, 40478, 40482, 23667, 488, 2523, 1281, 481, 6737, 8780, 240, 1092, 2507, 6444, 488, 6444, 40478, 40482, 669, 8400, 9126, 240, 4846, 481, 8441, 15953, 488, 7087, 562, 246, 1026, 1571, 725, 40478, 40482, 4846, 6796, 5940, 485, 481, 6444, 240, 8780, 488, 8441, 9019, 40478, 40482, 9467, 485, 13241, 32584, 40478, 40482, 7087, 2806, 16126, 666, 481, 2832, 240, 668, 1046, 485, 727, 589, 481, 17918, 666, 481, 17532, 40478, 40482, 507, 535, 16086, 485, 587, 616, 500, 867, 35500, 40478, 40482, 8240, 481, 22306, 666, 246, 3572, 291, 272, 284, 522, 4700, 16594, 4048, 40478, 40482, 921, 277, 278, 281, 485, 277, 278, 280, 498, 481, 1126, 16, 5991, 488, 2933, 507, 715, 481, 1495, 498, 481, 22306, 40478, 40482, 1892, 822, 22306, 485, 6719, 40478, 40482, 2933, 5040, 1126, 16, 5991, 715, 1495, 40478, 40482, 19007, 15936, 260, 22328, 1571, 240, 522, 1073, 2898, 2345, 2323, 551, 2698, 40478, 40481]","[1, 0, 0, 0, 0, 0, 0, 0, 0, 1, 0, 0, 0, 0, 0, 0, 0, 0, 0, 0, 0, 0, 0, 0, 0, 0, 0, 0, 1, 0, 0, 0, 0, 1, 0, 0, 0, 0, 0, 0, 0, 0, 0, 0, 0, 0, 0, 0, 0, 0, 0, 0, 0, 0, 0, 0, 0, 0]",0,"[840, 800, 6906, 2509, 869, 2683, 335, 332, 6270, 1511, 2045]"
461449,8614,"[40480, 2161, 10608, 12340, 5867, 488, 1301, 16201, 5507, 40481]","[[21453], [2056, 21453], [1430, 1055, 11, 4364], [1430, 827, 6591], [2274, 10841, 6020], [3137, 25, 555, 480, 15094], [1301, 11007], [1353], [14721, 7524], [6030, 5546, 10734], [6953], [1657, 17004, 1525, 3287, 5032], [9649, 5867], [506, 14013, 23687], [31843]]","[40480, 40482, 562, 481, 2933, 271, 40478, 40482, 500, 246, 1809, 1220, 4835, 39587, 5539, 19414, 240, 1055, 11, 4364, 240, 488, 827, 6591, 500, 1845, 6020, 670, 7379, 1571, 522, 1073, 963, 4941, 240, 9822, 6641, 40478, 40482, 6018, 617, 2525, 40478, 40482, 9467, 500, 25, 555, 480, 15094, 40478, 40482, 10553, 21453, 9019, 485, 246, 37588, 522, 2044, 37453, 40478, 40482, 488, 1301, 11007, 240, 1353, 240, 14721, 7524, 240, 955, 7982, 836, 11332, 488, 6953, 40478, 40482, 2454, 488, 12172, 1073, 2119, 3866, 40478, 40482, 5463, 781, 6255, 40478, 40482, 5415, 609, 485, 1203, 1460, 40478, 40482, 562, 481, 11282, 271, 40478, 40482, 1082, 670, 246, 13020, 9082, 2933, 504, 566, 737, 498, 1525, 31894, 40478, 40482, 1495, 556, 5867, 240, 34058, 240, 25, 555, 480, 15094, 240, 488, 31843, 40478, 40482, 3612, 609, 40478, 40482, 522, 240, 645, 1811, 857, 2077, 5801, 1280, 240, 668, 554, 507, 1525, 31894, 488, 925, 246, 4529, 498, 11007, 240, 34058, 240, 25, 555, 480, 15094, 240, 488, 31843, 40478, 40481]","[0, 0, 0, 1, 0, 0, 0, 0, 0, 0, 0, 0, 0, 0, 0, 0, 0, 0, 0, 0, 0, 0, 0, 0, 0, 0, 0, 0, 0, 0, 0, 0, 0, 0, 0, 0, 0, 0, 0, 0, 0, 0, 0, 0, 0, 0, 1, 0, 0, 0, 0, 0, 0, 0, 0, 0, 0, 0]",1,"[5010, 6335, 3500, 3502, 1043, 2777, 553, 7655, 4384, 28, 6270, 7258, 1707, 4308, 6265]"
250063,168080,"[40480, 16626, 21603, 252, 2507, 6444, 1755, 722, 514, 40481]","[[8780], [1092, 2507, 6444], [8441], [589, 260, 4001, 17918], [15473, 8361], [15000, 18347], [8467, 1179], [36374, 3388, 650, 256, 6444]]","[40480, 40482, 729, 2525, 10906, 485, 43, 8393, 9378, 250, 40478, 40482, 7933, 531, 292, 260, 3652, 4170, 6847, 556, 17869, 6020, 6913, 7933, 40478, 40482, 500, 246, 1220, 4835, 39587, 240, 9423, 481, 8780, 40478, 40482, 1300, 811, 481, 2525, 240, 4846, 481, 2507, 6444, 488, 9467, 1073, 3866, 40478, 40482, 9467, 500, 481, 8441, 40478, 40482, 9467, 1281, 481, 17918, 488, 15473, 8361, 488, 9467, 666, 481, 2507, 6444, 9019, 40478, 40482, 9467, 500, 481, 15000, 488, 8467, 1179, 40478, 40482, 8240, 481, 22306, 666, 481, 3572, 6847, 488, 19007, 562, 7379, 1571, 40478, 40482, 669, 2548, 240, 3990, 481, 1495, 556, 246, 23014, 498, 36374, 3388, 650, 256, 6444, 40478, 40481]","[1, 0, 0, 0, 0, 0, 0, 0, 0, 0, 0, 0, 0, 0, 0, 0, 0, 0, 0, 0, 0, 0, 0, 0, 0, 0, 0, 0, 1, 0, 0, 0, 0, 1, 0, 0, 0, 0, 0, 0, 0, 0, 0, 0, 0, 0, 1, 0, 0, 0, 0, 0, 0, 0, 0, 0, 0, 0]",0,"[840, 4320, 2499, 63, 332, 7470, 5298, 1689]"
277747,10707,"[40480, 1740, 1100, 11434, 21601, 1738, 2627, 40481]","[[1430, 11434], [8441], [22942, 10734], [6953], [11332], [3572, 23488], [3572, 1338, 21172, 5465], [19414], [652, 25, 3035, 11959, 10734]]","[40480, 40482, 23667, 589, 16126, 862, 40478, 40482, 556, 704, 828, 1529, 10073, 3656, 488, 7087, 562, 281, 260, 282, 1571, 40478, 40482, 18830, 666, 282, 522, 284, 1738, 2627, 40478, 40482, 3852, 666, 1738, 2627, 40478, 40482, 903, 1107, 715, 11868, 18642, 240, 1927, 1098, 522, 1236, 903, 6697, 485, 704, 3301, 40478, 40481]","[0, 0, 0, 0, 0, 0, 0, 1, 0, 1, 0, 0, 0, 0, 0, 0, 0, 0, 0, 0, 0, 0, 0, 0, 0, 0, 0, 0, 0, 0, 0, 0, 0, 0, 0, 0, 0, 0, 0, 0, 0, 0, 0, 0, 0, 0, 0, 0, 0, 0, 0, 0, 0, 0, 0, 0, 0, 0]",1,"[3484, 2499, 1330, 6270, 5319, 4880, 3758, 5010, 7946]"
19485,362,"[40480, 8300, 4530, 34058, 40481]","[[9689], [10444, 6020], [21453], [15022], [34058, 3674], [6953], [1301, 11332], [734, 744, 3707, 6821]]","[40480, 40482, 4835, 836, 481, 9689, 500, 481, 10444, 6020, 40478, 40482, 4846, 481, 21453, 240, 15022, 240, 488, 34058, 40478, 40482, 4835, 836, 481, 34058, 1073, 7173, 40478, 40482, 7033, 481, 34058, 556, 481, 6953, 240, 734, 744, 3707, 6821, 240, 488, 11332, 40478, 40482, 4103, 2198, 40478, 40481]","[0, 0, 0, 0, 0, 0, 0, 0, 0, 0, 0, 0, 0, 0, 0, 0, 0, 0, 0, 0, 0, 0, 0, 0, 0, 0, 0, 0, 0, 0, 0, 0, 0, 0, 0, 0, 0, 0, 1, 0, 0, 0, 0, 0, 0, 0, 0, 0, 0, 0, 0, 0, 0, 0, 0, 0, 0, 0]",0,"[298, 5006, 5010, 3184, 6760, 6270, 590, 5180]"
156363,55075,"[40480, 11854, 1084, 11294, 4178, 11332, 488, 16954, 9540, 40481]","[[21028, 19811], [4178, 11332], [19642, 978, 11332], [4019, 9080, 10444, 6020], [1454, 3204, 26285], [1430, 827, 6591], [6953], [11332]]","[40480, 40482, 23667, 589, 481, 16126, 500, 246, 9540, 5024, 40478, 40482, 7033, 556, 6953, 488, 11332, 485, 3301, 40478, 40482, 8658, 746, 40478, 40482, 9540, 759, 580, 885, 609, 485, 281, 1808, 500, 9479, 240, 568, 2030, 485, 844, 7858, 781, 6255, 40478, 40482, 8263, 16126, 6641, 1000, 481, 9540, 544, 831, 38699, 40478, 40481]","[0, 0, 0, 0, 0, 0, 0, 0, 0, 1, 0, 0, 0, 0, 0, 0, 0, 0, 0, 0, 0, 0, 0, 0, 0, 0, 0, 0, 0, 0, 0, 0, 0, 0, 0, 0, 1, 0, 0, 0, 0, 0, 0, 0, 0, 0, 0, 0, 0, 0, 0, 0, 0, 0, 0, 1, 0, 0]",0,"[3365, 519, 6129, 5006, 7803, 3502, 6270, 5319]"
90000,89218,"[40480, 13874, 252, 2061, 19888, 488, 32612, 40481]","[[1353], [5867, 24176], [1444, 260, 488, 260, 1444], [6953], [32612], [30645, 4785, 6821], [734, 744, 3707, 6821], [8780], [2568, 21275, 10734], [1454, 11332], [9689], [11868, 19888], [1301, 11332], [17918], [8684, 19104], [2056, 21453], [15022], [4739, 260, 1964, 954, 260, 39292, 5867, 24176], [3137, 13249, 7524], [13249, 15042]]","[40480, 40482, 2030, 929, 282, 16126, 485, 246, 14057, 500, 246, 11868, 4835, 39587, 40478, 40482, 8297, 29369, 500, 32612, 40478, 40482, 18115, 2525, 488, 32093, 240, 9822, 6641, 240, 5895, 1571, 522, 1073, 20559, 40478, 40482, 4846, 30645, 4785, 6821, 488, 1115, 282, 16126, 40478, 40482, 1233, 2913, 568, 1178, 2107, 40478, 40482, 5539, 9689, 500, 246, 1719, 28058, 1073, 9238, 40478, 40482, 6018, 9689, 488, 9933, 504, 2405, 11509, 240, 13884, 277, 13020, 9082, 498, 1121, 14719, 500, 28058, 40478, 40482, 18777, 9689, 488, 1233, 2913, 40478, 40482, 35009, 19888, 556, 11332, 488, 6953, 40478, 40482, 37926, 500, 17918, 40478, 40482, 4835, 836, 19104, 500, 1845, 1121, 14719, 500, 28058, 284, 1571, 240, 522, 1073, 4941, 40478, 40482, 4846, 2056, 19414, 488, 4835, 836, 280, 1571, 40478, 40482, 4846, 19888, 488, 15022, 488, 4835, 836, 280, 1571, 522, 1073, 19888, 640, 4309, 2507, 40478, 40482, 9467, 500, 5867, 24176, 240, 13249, 7524, 488, 1845, 10734, 488, 5539, 280, 725, 1571, 240, 9822, 485, 13943, 903, 2324, 5333, 617, 28058, 40478, 40482, 18830, 32612, 666, 282, 1719, 240, 7754, 8294, 13714, 40478, 40482, 18830, 19888, 9019, 666, 1667, 2497, 855, 488, 1082, 504, 1495, 498, 32612, 40478, 40482, 1495, 1183, 6255, 556, 15737, 9689, 488, 4103, 556, 13249, 35844, 40478, 40481]","[0, 0, 0, 0, 1, 0, 0, 0, 0, 0, 0, 0, 0, 0, 0, 0, 1, 0, 0, 0, 0, 0, 0, 0, 0, 0, 0, 0, 0, 0, 0, 0, 0, 0, 0, 0, 0, 0, 1, 0, 0, 0, 1, 1, 0, 0, 0, 0, 0, 0, 0, 0, 0, 1, 0, 0, 0, 1]",2,"[7655, 1257, 3589, 6270, 3477, 1168, 5180, 840, 7049, 7774, 298, 4661, 590, 2683, 6528, 6335, 3184, 1257, 2832, 4282]"
344757,115004,"[40480, 8765, 9238, 617, 8324, 40481]","[[2417, 31066], [6444], [9230, 789, 607], [3137, 13249, 7524], [24106, 18347], [2507, 6444], [17918], [30084, 14436], [8780], [15341], [1430, 21447, 7869]]","[40480, 40482, 729, 2525, 10906, 485, 43, 22328, 9378, 40478, 40482, 500, 246, 1719, 5024, 240, 2327, 8263, 929, 284, 16126, 1281, 40478, 40482, 1082, 500, 246, 35050, 26855, 5465, 522, 292, 3652, 4170, 6847, 40478, 40482, 500, 1007, 5024, 240, 7087, 481, 1346, 498, 481, 16126, 240, 2506, 246, 22102, 37588, 522, 7158, 40478, 40482, 481, 9019, 994, 21034, 1385, 17169, 40478, 40482, 2933, 9019, 715, 7056, 4858, 40478, 40482, 19007, 562, 6828, 1571, 522, 1073, 2507, 40478, 40482, 4103, 2107, 556, 15000, 755, 4914, 40478, 40482, 512, 759, 20033, 19781, 8765, 7056, 562, 481, 16509, 8765, 4858, 645, 512, 823, 485, 240, 568, 895, 257, 40478, 40481]","[1, 0, 0, 1, 0, 0, 0, 0, 0, 0, 0, 0, 0, 0, 0, 0, 0, 0, 0, 0, 0, 0, 0, 0, 0, 0, 0, 0, 0, 0, 0, 0, 0, 0, 0, 0, 0, 0, 0, 0, 0, 0, 0, 0, 0, 0, 0, 0, 0, 0, 0, 0, 0, 0, 0, 1, 0, 0]",1,"[6963, 6906, 1833, 2832, 77, 800, 2683, 3350, 840, 1511, 3527]"
91317,135602,"[40480, 1050, 3535, 22222, 8161, 40481]","[[6444], [1353], [8161], [3137, 13249, 7524], [8441, 1454]]","[40480, 40482, 500, 246, 4835, 39587, 240, 7087, 6444, 488, 1353, 40478, 40482, 2030, 485, 246, 14057, 715, 11868, 2525, 240, 9822, 2528, 1073, 6444, 544, 13411, 40478, 40482, 14057, 562, 670, 277, 2176, 1073, 17881, 544, 1949, 40478, 40482, 851, 2548, 500, 246, 13733, 5024, 240, 23667, 8161, 240, 17881, 488, 13249, 7524, 40478, 40482, 500, 246, 559, 750, 746, 5024, 240, 2523, 8441, 1454, 1073, 6062, 240, 674, 2327, 29369, 666, 8161, 9019, 40478, 40482, 8240, 666, 755, 4914, 8519, 488, 9233, 5175, 485, 36826, 535, 6874, 40478, 40482, 6800, 10194, 240, 8240, 666, 7754, 6847, 240, 2454, 488, 9233, 562, 280, 1808, 522, 1073, 3677, 40478, 40482, 2158, 666, 13436, 240, 488, 673, 944, 500, 2044, 37453, 522, 37588, 1073, 3866, 40478, 40482, 9082, 666, 3048, 2240, 10807, 488, 9233, 562, 7379, 1571, 40478, 40482, 1598, 925, 2339, 498, 720, 488, 15799, 500, 9188, 5895, 1571, 781, 6255, 40478, 40482, 1598, 20033, 8938, 24329, 562, 246, 3567, 17250, 5188, 40478, 40481]","[0, 0, 0, 1, 1, 0, 0, 0, 0, 1, 0, 0, 0, 0, 0, 0, 0, 0, 0, 1, 0, 0, 0, 0, 0, 0, 0, 0, 0, 0, 0, 0, 0, 1, 0, 1, 1, 0, 0, 0, 0, 0, 0, 0, 0, 0, 1, 0, 0, 0, 0, 0, 0, 0, 0, 0, 0, 1]",0,"[6906, 7655, 1154, 2832, 2509]"
76287,1110,"[40480, 12432, 11880, 40481]","[[1430, 11434], [36845, 19811], [24, 666, 11007], [548, 878, 253], [27952, 29471, 484], [2832, 7217, 6089, 7087]]","[40480, 40482, 500, 1719, 28058, 2507, 5089, 488, 9933, 862, 40478, 40482, 1072, 500, 38450, 5082, 4846, 27952, 29471, 484, 488, 7087, 862, 40478, 40482, 4846, 673, 8834, 36845, 19811, 240, 11007, 240, 548, 878, 253, 488, 7217, 6089, 7087, 40478, 40482, 5539, 504, 954, 282, 260, 287, 1808, 40478, 40482, 870, 556, 9230, 5339, 40478, 40481]","[0, 0, 0, 0, 0, 0, 0, 0, 0, 0, 1, 0, 0, 0, 0, 0, 1, 0, 0, 0, 0, 0, 0, 0, 0, 0, 0, 0, 0, 0, 0, 0, 0, 0, 0, 1, 0, 0, 0, 0, 0, 0, 0, 1, 0, 0, 0, 0, 0, 0, 1, 0, 0, 0, 0, 0, 0, 0]",2,"[3484, 6819, 5456, 3720, 7060, 2200]"
227025,93854,"[40480, 4564, 27043, 40481]","[[4204, 27043], [1143, 7406], [837, 7327], [4544, 15000, 18347], [4017], [4564, 240, 36, 965, 498], [4564, 7524], [4564], [4564, 36, 965]]","[40480, 40482, 1584, 246, 542, 2586, 522, 588, 14185, 556, 18359, 4850, 522, 2405, 11509, 488, 3103, 872, 507, 715, 246, 5024, 40478, 40482, 8240, 481, 27043, 666, 481, 542, 2586, 488, 3383, 507, 485, 9933, 240, 8658, 875, 240, 562, 281, 1808, 522, 10308, 40478, 40482, 1082, 481, 20559, 27043, 666, 246, 11868, 5024, 488, 9467, 500, 481, 1143, 7406, 240, 837, 7327, 240, 15000, 240, 4017, 240, 488, 4564, 36, 965, 40478, 40482, 2808, 556, 4564, 7524, 1073, 507, 544, 246, 17107, 30173, 40478, 40482, 1325, 15405, 556, 12896, 498, 4564, 240, 4564, 36, 965, 240, 1143, 7406, 240, 522, 837, 7327, 488, 4103, 40478, 40482, 3545, 267, 40478, 40481]","[0, 0, 0, 0, 0, 0, 0, 0, 0, 0, 0, 0, 0, 0, 0, 0, 1, 0, 0, 0, 0, 0, 0, 0, 0, 0, 0, 0, 0, 0, 0, 0, 0, 1, 0, 0, 1, 0, 0, 0, 0, 0, 0, 0, 0, 0, 0, 0, 0, 0, 0, 0, 0, 1, 0, 0, 0, 0]",1,"[5502, 5825, 7642, 5767, 3723, 5095, 5058, 5038, 5090]"
67417,171231,"[40480, 21453, 8294, 556, 734, 627, 743, 6741, 488, 4880, 11332, 40481]","[[8780], [10444, 6020], [19414], [17195, 6953], [5867, 6382], [734, 627, 743, 6741], [1301, 20745, 1055, 1561], [1454, 20745, 1055, 1561], [1055, 11, 4364, 14516], [21447, 7869], [15022], [24215, 5339]]","[40480, 40482, 2107, 481, 8780, 488, 280, 3, 21, 264, 40478, 40482, 10444, 6020, 715, 954, 2525, 488, 4846, 21453, 488, 246, 1378, 498, 6953, 5539, 1547, 1073, 481, 21453, 544, 2039, 12329, 2022, 40478, 40482, 4846, 481, 6382, 40478, 40482, 3301, 488, 9806, 29471, 484, 40478, 40482, 2030, 485, 246, 14057, 240, 674, 32093, 562, 5895, 1571, 8676, 240, 35009, 481, 6821, 500, 481, 2695, 498, 282, 8294, 13714, 40478, 40482, 4756, 481, 20745, 1055, 1561, 488, 1055, 11, 4364, 14516, 240, 674, 1082, 688, 500, 246, 4438, 2165, 488, 19657, 7543, 556, 246, 2262, 4835, 5048, 531, 522, 5089, 29969, 35009, 616, 715, 481, 6821, 1412, 556, 481, 21447, 7869, 40478, 40482, 7582, 481, 15022, 715, 481, 5339, 488, 4233, 481, 15786, 556, 5040, 10444, 6020, 504, 1109, 2000, 2525, 246, 2832, 4835, 836, 6847, 715, 11868, 2525, 1073, 963, 1845, 488, 4846, 481, 5339, 1073, 2507, 504, 1109, 2000, 2158, 481, 5339, 666, 1220, 3585, 40478, 40482, 36305, 481, 8294, 666, 13714, 488, 4103, 556, 5339, 3585, 40478, 40481]","[0, 0, 0, 0, 1, 0, 0, 0, 0, 0, 0, 1, 0, 0, 0, 0, 0, 0, 0, 0, 0, 0, 0, 0, 0, 0, 0, 0, 1, 0, 0, 0, 0, 0, 0, 0, 0, 0, 1, 0, 0, 0, 1, 0, 0, 0, 0, 0, 0, 0, 0, 0, 0, 0, 0, 0, 0, 0]",2,"[840, 5006, 5010, 1573, 1297, 5183, 591, 7776, 1799, 4964, 3184, 1990]"
119464,87415,"[40480, 2056, 488, 2883, 22075, 556, 15657, 40481]","[[7, 990, 955, 3561], [9689], [21453], [4787, 22075], [1325, 2853, 8730, 11007], [498, 3137, 13331], [734, 744, 3707, 6821], [4019, 9080, 10444, 6020]]","[40480, 40482, 5539, 15657, 500, 4065, 498, 11468, 31331, 1353, 1073, 4941, 568, 843, 3677, 485, 3473, 240, 9822, 2528, 40478, 40482, 9933, 240, 492, 6255, 277, 3026, 6913, 5379, 40478, 40482, 10553, 485, 1719, 5024, 40478, 40482, 2507, 9689, 500, 1435, 1719, 19527, 6847, 715, 11868, 260, 1583, 2525, 1073, 33620, 40478, 40482, 10553, 9689, 485, 2405, 4886, 485, 9933, 40478, 40482, 4846, 21453, 485, 9689, 4739, 500, 6847, 4835, 5209, 1073, 668, 2827, 485, 2507, 240, 670, 284, 1571, 40478, 40482, 4846, 4787, 22075, 9467, 867, 1571, 674, 4846, 481, 10380, 22075, 488, 3423, 485, 5539, 1073, 1109, 640, 668, 6720, 822, 488, 22075, 640, 2512, 2056, 670, 277, 2176, 1872, 40478, 40482, 2294, 9689, 485, 6847, 488, 4846, 13331, 488, 15657, 488, 1046, 6913, 5379, 485, 9819, 503, 15657, 40478, 40482, 9467, 500, 277, 3026, 6821, 488, 1082, 504, 6255, 16153, 522, 5024, 40478, 40482, 20761, 556, 10444, 6020, 488, 1325, 15405, 556, 9072, 13331, 4103, 240, 3986, 8947, 6821, 7404, 40478, 40481]","[0, 0, 0, 0, 1, 0, 0, 0, 0, 0, 0, 0, 0, 0, 0, 0, 1, 0, 0, 0, 1, 0, 0, 0, 0, 0, 0, 0, 0, 0, 0, 0, 0, 0, 0, 0, 0, 0, 1, 0, 0, 0, 0, 0, 0, 0, 0, 0, 0, 0, 0, 0, 0, 0, 0, 0, 0, 0]",2,"[5105, 298, 5010, 3046, 3179, 4985, 5180, 5006]"
483476,167585,"[40480, 1568, 678, 5816, 252, 16296, 5339, 40481]","[[17918], [15473, 10166], [6953], [8780], [6444], [6812], [6796, 5940], [16296], [15000, 18347], [16296, 18347], [837, 7327]]","[40480, 40482, 23667, 17918, 240, 15473, 10166, 488, 6953, 488, 1233, 2913, 40478, 40482, 4914, 8780, 556, 6444, 1073, 12924, 40478, 40482, 4846, 6812, 488, 6796, 5940, 488, 7087, 862, 40478, 40482, 4846, 17918, 9019, 26835, 556, 27593, 240, 2827, 488, 3192, 556, 17918, 40478, 40482, 9467, 500, 15000, 240, 16296, 18347, 488, 7327, 40478, 40482, 19007, 500, 246, 862, 35050, 291, 260, 284, 3652, 16594, 6847, 491, 43, 8393, 9378, 562, 277, 2088, 240, 522, 1073, 246, 32461, 240, 13908, 500, 2732, 2323, 551, 2698, 40478, 40482, 485, 704, 39862, 3026, 4846, 670, 277, 13020, 9082, 498, 1454, 26285, 522, 277, 13020, 9082, 13249, 7524, 40478, 40482, 851, 507, 1683, 246, 1378, 488, 512, 804, 604, 704, 20033, 6796, 5940, 40478, 40482, 481, 16296, 18347, 544, 547, 1074, 8616, 240, 616, 544, 246, 2498, 1150, 645, 704, 27593, 640, 595, 1741, 2507, 278, 13583, 1046, 240, 507, 804, 18918, 481, 14601, 40478, 40482, 557, 246, 1621, 498, 1618, 240, 249, 1120, 768, 507, 784, 669, 547, 27593, 640, 3478, 13583, 40478, 40482, 507, 535, 246, 2445, 746, 1259, 645, 512, 823, 704, 10905, 485, 1229, 551, 40478, 40481]","[1, 0, 0, 0, 0, 0, 0, 0, 0, 1, 0, 0, 0, 0, 0, 0, 0, 0, 0, 0, 0, 0, 0, 0, 0, 0, 0, 0, 0, 0, 0, 0, 0, 0, 0, 0, 0, 0, 0, 0, 0, 0, 0, 0, 0, 0, 0, 0, 0, 0, 0, 0, 0, 0, 0, 0, 0, 0]",1,"[2683, 335, 6270, 840, 6906, 2499, 869, 342, 7470, 351, 7642]"
34331,12507,"[40480, 40410, 745, 556, 3283, 22193, 501, 38749, 40481]","[[40410, 745], [10444, 6020], [2832, 1454, 3204], [3699, 19104], [3137, 838, 502, 8, 561, 19104], [31184, 19104], [15022], [954, 260, 4739, 5940], [3137, 734, 5612], [592, 5552, 23488], [6167, 20930, 510], [1454, 11332], [6953], [9230, 789, 607], [1353]]","[40480, 40482, 5539, 40410, 745, 500, 281, 35, 639, 40478, 40482, 11468, 1353, 1073, 679, 1666, 836, 240, 670, 292, 260, 5895, 1571, 40478, 40482, 9933, 40478, 40482, 500, 1007, 1719, 4835, 39587, 240, 2525, 481, 6020, 488, 3204, 715, 11868, 1583, 2525, 40478, 40482, 4846, 19104, 488, 15022, 240, 488, 5539, 562, 287, 260, 292, 1571, 240, 9822, 2528, 40478, 40482, 9467, 500, 481, 5940, 240, 734, 5612, 240, 23488, 240, 20930, 510, 240, 11332, 240, 488, 6953, 40478, 40482, 2030, 485, 246, 3724, 32093, 715, 11868, 2525, 40478, 40482, 23667, 9230, 789, 607, 488, 1353, 1073, 3866, 40478, 40482, 9467, 666, 481, 22193, 10734, 488, 2294, 485, 246, 3724, 32093, 40478, 40482, 6748, 500, 481, 9649, 40410, 745, 40478, 40482, 5539, 562, 670, 277, 2176, 725, 715, 954, 2525, 240, 9822, 10450, 40478, 40482, 10553, 485, 2107, 6255, 6786, 488, 4103, 2198, 40478, 40481]","[0, 0, 0, 0, 1, 0, 0, 0, 0, 1, 0, 0, 0, 0, 0, 0, 1, 0, 0, 0, 0, 0, 0, 0, 0, 0, 0, 0, 0, 0, 0, 0, 0, 0, 0, 0, 0, 0, 0, 0, 0, 0, 1, 0, 0, 0, 1, 0, 0, 0, 0, 0, 0, 0, 0, 0, 0, 0]",1,"[4416, 5006, 2461, 892, 2891, 5136, 3184, 4717, 2856, 2148, 2378, 7774, 6270, 1833, 7655]"
272917,106234,"[40480, 1631, 252, 7, 491, 17918, 1892, 551, 9021, 40481]","[[36374, 3388, 650, 256, 6444], [8780], [8441], [15000], [589, 260, 4001, 17918], [7, 491, 17918], [15473, 10166], [23618, 6444], [5940]]","[40480, 40482, 485, 925, 1430, 7, 491, 17918, 271, 40478, 40482, 1082, 277, 277, 278, 44, 7420, 2279, 522, 1122, 8861, 25916, 240, 563, 9649, 240, 500, 246, 37588, 522, 2044, 37453, 40478, 40482, 2454, 488, 12172, 15936, 2460, 40478, 40482, 2191, 670, 277, 3026, 40478, 40482, 485, 925, 9021, 271, 40478, 40482, 2523, 1281, 6444, 488, 8780, 1073, 1092, 488, 12924, 40478, 40482, 12172, 500, 8441, 488, 15000, 40478, 40482, 23667, 1874, 1437, 488, 15473, 10166, 40478, 40482, 8297, 4846, 485, 8780, 9019, 240, 13733, 862, 861, 1183, 8616, 40478, 40482, 2454, 240, 5463, 531, 2088, 40478, 40482, 2525, 10906, 485, 43, 22328, 9378, 250, 40478, 40482, 3612, 551, 17532, 485, 277, 278, 292, 3652, 23171, 504, 4309, 1874, 7086, 3334, 40478, 40482, 1892, 556, 11274, 17771, 40478, 40482, 19007, 504, 563, 35050, 11274, 5070, 562, 288, 485, 292, 1571, 1073, 6195, 640, 3746, 2507, 40478, 40482, 2548, 8400, 40478, 40482, 22830, 556, 8780, 4914, 23948, 488, 37906, 240, 557, 10114, 40478, 40481]","[1, 0, 0, 1, 0, 0, 0, 0, 0, 1, 0, 0, 0, 0, 0, 0, 0, 0, 0, 0, 0, 0, 0, 0, 0, 0, 0, 0, 0, 0, 0, 0, 0, 0, 0, 0, 0, 0, 0, 0, 0, 0, 0, 0, 0, 0, 0, 0, 0, 0, 0, 0, 0, 0, 0, 0, 0, 0]",0,"[1689, 840, 2499, 7449, 63, 4973, 335, 5695, 4717]"
61723,101369,"[40480, 24, 1538, 507, 979, 15133, 40481]","[[9649, 12395], [17869, 6020], [15022, 796, 964], [21453], [37754, 10734], [3316, 10734], [25905], [21570], [38139], [838, 502, 8, 561, 19104], [5867, 24176], [6878, 20836], [2056, 21453], [519, 1016]]","[40480, 40482, 929, 246, 40478, 40482, 2217, 240, 655, 640, 1272, 28075, 498, 24, 1538, 507, 2383, 803, 2954, 562, 246, 7947, 498, 12395, 240, 5867, 240, 19888, 40478, 40482, 512, 1598, 1759, 556, 5598, 27150, 668, 644, 902, 688, 500, 246, 1220, 4289, 498, 1353, 488, 2548, 488, 18844, 40478, 40482, 2642, 481, 24176, 485, 1529, 806, 5867, 24176, 544, 1347, 562, 1428, 500, 481, 16477, 40478, 40482, 15207, 6878, 20836, 500, 1845, 7761, 1353, 500, 1719, 5024, 562, 670, 7379, 1571, 488, 674, 9933, 500, 588, 14185, 40478, 40482, 587, 616, 1000, 6927, 11488, 40478, 40482, 2525, 6020, 485, 11868, 500, 246, 963, 1719, 6847, 556, 1435, 2000, 40478, 40482, 4835, 836, 21453, 488, 15022, 281, 1571, 40478, 40482, 4846, 5089, 240, 37754, 10734, 488, 3316, 10734, 40478, 40482, 1300, 609, 481, 2525, 485, 1583, 40478, 40482, 4846, 25905, 240, 21570, 240, 19104, 240, 38139, 240, 246, 13618, 498, 6953, 488, 11332, 488, 277, 3026, 498, 24176, 40478, 40482, 9467, 14046, 280, 1571, 522, 1073, 37749, 640, 9238, 4941, 40478, 40482, 18115, 2525, 485, 954, 488, 4846, 6878, 20836, 240, 500, 1220, 14672, 240, 9822, 485, 2158, 609, 40478, 40482, 4846, 24176, 557, 1388, 485, 1178, 9019, 617, 4236, 834, 2832, 40478, 40482, 5539, 668, 1073, 20836, 640, 2107, 40478, 40482, 4103, 556, 14721, 522, 13249, 35844, 240, 5703, 6237, 485, 35009, 504, 1495, 488, 4019, 37754, 10734, 40478, 40482, 512, 1598, 1359, 3143, 25, 555, 480, 15094, 3674, 488, 522, 1162, 9649, 8441, 15786, 40478, 40481]","[0, 0, 0, 0, 0, 0, 0, 0, 0, 0, 0, 0, 0, 0, 0, 0, 1, 0, 0, 0, 1, 0, 0, 0, 0, 0, 0, 0, 0, 0, 0, 0, 1, 0, 0, 0, 0, 0, 1, 0, 0, 1, 0, 0, 0, 0, 0, 1, 0, 0, 0, 0, 0, 0, 0, 0, 0, 0]",1,"[1743, 7557, 3203, 5010, 6696, 2654, 893, 1093, 1124, 6447, 1257, 6074, 6335, 4379]"
108065,39357,"[40480, 19888, 488, 8289, 8294, 40481]","[[589, 260, 4001, 17918], [21453], [38139], [16954, 16064], [4914, 260, 4530, 8289], [17869, 6020], [4178, 11332], [1845, 1353], [19888], [2568, 21275, 10734]]","[40480, 40482, 2525, 6020, 500, 5082, 40478, 40482, 4846, 481, 17918, 488, 9467, 40478, 40482, 4846, 21453, 240, 38139, 488, 4178, 11332, 40478, 40482, 5539, 5895, 1571, 522, 1073, 481, 21453, 544, 4941, 40478, 40482, 4846, 8289, 240, 16954, 16064, 240, 1845, 1353, 240, 6953, 488, 11332, 40478, 40482, 32093, 6828, 1571, 40478, 40482, 4846, 481, 19888, 488, 5539, 1007, 7648, 1571, 1872, 40478, 40481]","[0, 0, 0, 0, 0, 0, 0, 0, 0, 0, 0, 0, 0, 0, 0, 0, 0, 0, 0, 0, 0, 0, 0, 0, 0, 0, 0, 0, 0, 0, 0, 0, 0, 0, 0, 0, 0, 0, 0, 0, 0, 0, 1, 0, 0, 0, 0, 0, 0, 0, 0, 0, 0, 0, 0, 0, 0, 0]",0,"[63, 5010, 1124, 7229, 1803, 7557, 519, 3815, 6487, 7049]"
152450,152280,"[40480, 7304, 16296, 26855, 556, 501, 29702, 40481]","[[14389], [501, 29702], [27593], [6812], [15000, 18347], [15341], [11951, 4914]]","[40480, 40482, 729, 2525, 10906, 485, 43, 28852, 250, 40478, 40482, 14218, 246, 54, 34, 292, 522, 728, 26855, 5465, 40478, 40482, 5122, 240, 15258, 240, 5820, 488, 24186, 8654, 14389, 40478, 40482, 8556, 500, 5465, 488, 35009, 556, 501, 29702, 40478, 40482, 15258, 16296, 488, 2158, 666, 3585, 666, 246, 11868, 5024, 40478, 40482, 4846, 6812, 240, 15000, 240, 15341, 240, 488, 4914, 488, 2523, 862, 40478, 40482, 8240, 715, 481, 7304, 15786, 40478, 40482, 19007, 6828, 1571, 40478, 40482, 4103, 1845, 240, 616, 544, 1424, 3254, 556, 246, 1919, 498, 28059, 498, 15000, 755, 4914, 40478, 40482, 3545, 40478, 40481]","[1, 0, 0, 0, 0, 0, 0, 0, 0, 0, 0, 0, 0, 0, 0, 0, 0, 0, 0, 0, 0, 0, 0, 0, 0, 0, 0, 0, 0, 0, 0, 0, 0, 1, 0, 0, 0, 0, 0, 0, 0, 0, 0, 0, 0, 0, 0, 0, 0, 0, 0, 0, 0, 0, 0, 0, 0, 0]",1,"[150, 70, 342, 2499, 7470, 1511, 7705]"
